{
  "available_thrust": 163220.328125,
  "baseline_valid": true,
  "engine_type": "solid_booster",
  "fuel_amount": 140.0,
  "fuel_capacity": 140.0,
  "fuel_mass": 1049.9999389648438,
  "fuel_percent": 100.0,
  "fuel_resource_name": "SolidFuel",
  "max_thrust": 163220.328125,
  "max_vacuum_thrust": 192000.0,
  "measurement_id": "part-analysis-8424a1e849994a6e823b9a4d834f7bac",
  "measurement_source": "live_kRPC_active_vessel",
  "measurements": [
    {
      "available_thrust": 163220.328125,
      "baseline_valid": true,
      "engine_type": "solid_booster",
      "fuel_amount": 140.0,
      "fuel_capacity": 140.0,
      "fuel_mass": 1049.9999389648438,
      "fuel_percent": 100.0,
      "fuel_resource_name": "SolidFuel",
      "max_thrust": 163220.328125,
      "max_vacuum_thrust": 192000.0,
      "measurement_id": "part-analysis-b6b7a938ed1e4e16aca103fe76743141",
      "measurement_source": "live_kRPC_active_vessel",
      "model": {
        "estimated_burn_time": 8.832095136452182,
        "fuel_mass_fraction": 0.6999999593098958,
        "gravity": 9.80665,
        "initial_acceleration": 56.27445450404858,
        "thrust_to_weight_ratio": 6.7383973634267145
      },
      "part_dry_mass": 450.00006103515625,
      "part_key": "solidBooster.sm.v2",
      "part_mass": 1500.0,
      "part_name": "solidBooster.sm.v2",
      "part_title": "RT-5 \"Flea\" Solid Fuel Booster",
      "recorded_at": "2026-04-25T18:09:46.493080+00:00",
      "run_id": "run-20260425T180945492651Z-89e2a9d7",
      "stage": 1,
      "throttle_locked": true,
      "thrust_limit": 1.0,
      "vessel_dry_mass": 1380.0001220703125,
      "vessel_mass": 2470.0
    },
    {
      "available_thrust": 163220.328125,
      "baseline_valid": true,
      "engine_type": "solid_booster",
      "fuel_amount": 140.0,
      "fuel_capacity": 140.0,
      "fuel_mass": 1049.9999389648438,
      "fuel_percent": 100.0,
      "fuel_resource_name": "SolidFuel",
      "max_thrust": 163220.328125,
      "max_vacuum_thrust": 192000.0,
      "measurement_id": "part-analysis-8424a1e849994a6e823b9a4d834f7bac",
      "measurement_source": "live_kRPC_active_vessel",
      "model": {
        "estimated_burn_time": 8.832095136452182,
        "fuel_mass_fraction": 0.6999999593098958,
        "gravity": 9.80665,
        "initial_acceleration": 56.27445450404858,
        "thrust_to_weight_ratio": 6.7383973634267145
      },
      "part_dry_mass": 450.00006103515625,
      "part_key": "solidBooster.sm.v2",
      "part_mass": 1500.0,
      "part_name": "solidBooster.sm.v2",
      "part_title": "RT-5 \"Flea\" Solid Fuel Booster",
      "recorded_at": "2026-04-25T19:51:42.682058+00:00",
      "run_id": "run-20260425T195142496060Z-6ee59d3b",
      "stage": 1,
      "throttle_locked": true,
      "thrust_limit": 1.0,
      "vessel_dry_mass": 1380.0001220703125,
      "vessel_mass": 2470.0
    }
  ],
  "model": {
    "estimated_burn_time": 8.832095136452182,
    "fuel_mass_fraction": 0.6999999593098958,
    "gravity": 9.80665,
    "initial_acceleration": 56.27445450404858,
    "thrust_to_weight_ratio": 6.7383973634267145
  },
  "part_dry_mass": 450.00006103515625,
  "part_key": "solidBooster.sm.v2",
  "part_mass": 1500.0,
  "part_name": "solidBooster.sm.v2",
  "part_title": "RT-5 \"Flea\" Solid Fuel Booster",
  "recorded_at": "2026-04-25T19:51:42.682058+00:00",
  "run_id": "run-20260425T195142496060Z-6ee59d3b",
  "stage": 1,
  "throttle_locked": true,
  "thrust_limit": 1.0,
  "vessel_dry_mass": 1380.0001220703125,
  "vessel_mass": 2470.0
}
