{
  "funds": 95800.88013267517,
  "generated_at": "2026-04-24T20:33:36.410905+00:00",
  "reputation": 11.999993324279785,
  "science": 12.833333969116211
}
